QuestionID,ChapterID,SubtopicID,QuestionNo,Question,OptionA,OptionB,OptionC,OptionD,Year,Answer,Explanation,HasImage
76,2,5,26,"A car moving with a speed of $40 \mathrm{~km} / \mathrm{h}$ can be stopped by applying brakes at least after $2 \mathrm{~m}$. If the same car is moving with a speed of $80 \mathrm{~km} / \mathrm{h}$, what is the minimum stopping distance? ",$8 \mathrm{~m}$,$6 \mathrm{~m}$,$4 \mathrm{~m}$,$2 \mathrm{~m}$,1998-01-01,a,"26. (a) $v^{2}-u^{2}=2 a s$

$$
\begin{aligned}
\Rightarrow a & =\frac{v^{2}-u^{2}}{2 s} \\
& =-\frac{u_{1}^{2}}{2 s},
\end{aligned}
$$

For same retarding force $s \propto u^{2}$

$$
\because \frac{s_{2}}{s_{1}}=\frac{u_{2}^{2}}{u_{1}^{2}} \Rightarrow \frac{s_{2}}{s_{1}}=\left(\frac{80}{40}\right)^{2}=4
$$

$\therefore s_{2}=4 s_{1}=8 \mathrm{~m}$

If $F$ is retarding force and $s$ the stopping

distance, then $\frac{1}{2} m v^{2}=F S$

For same retarding force, $s \alpha v^{2}$

$$
\begin{aligned}
& \therefore \quad \frac{s_{2}}{s_{1}}=\left(\frac{v_{2}}{v_{1}}\right)^{2}=\left(\frac{80 \mathrm{~km} / \mathrm{h}}{40 \mathrm{~km} / \mathrm{h}}\right)^{2}=4 \\
& \therefore \quad s_{2}=4 s_{1}=4 \times 2=8 \mathrm{~m}
\end{aligned}
$$",False
87,2,7,37,"A stone falls freely under gravity. It covers distances $h_1, h_2$ and $h_3$ in the first 5 seconds, the next 5 seconds and the next 5 seconds respectively. The relation between $h_1, h_2$ and $h_3$ is",$h_1=\frac{\mathrm{h}_2}{3}=\frac{\mathrm{h}_3}{5}$,$h_2=3 h_1$ and $h_3=3 h_2$,$h_1=h_2=h_3$,$h_1=2 h_2=3 h_3$,2013-01-01,a,"37.
(a) $\because \quad h=\frac{1}{2} g t^{2}$
$\therefore \quad h_{1}=\frac{1}{2} g(5)^{2}=125$

$$
\begin{aligned}
& h_{1}+h_{2}=\frac{1}{2} g(10)^{2}=500 \\
& \Rightarrow h_{2}=375 \\
& h_{1}+h_{2}+h_{3}=\frac{1}{2} g(15)^{2}=1125 \\
& \Rightarrow h_{3}=625 \\
& h_{2}=3 h_{1}, h_{3}=5 h_{1} \\
& \text { or } \quad h_{1}=\frac{h_{2}}{3}=\frac{h_{3}}{5}
\end{aligned}
$$

The distance covered in time $t, 2 t, 3 t$, etc. will be in the ratio of $1^{2}: 2^{2}: 3^{2}$ i.e., square of integers i.e., $h$ $\propto t^{2}$.",False
109,3,8,8,"The vectors $\vec{A}$ and $\vec{B}$ are such that $|\vec{A}+\vec{B}|=|\vec{A}-\vec{B}|$
The angle between the two vectors is",$60^{\circ}$, $75^{\circ}$, $45^{\circ}$,$90^{\circ}$,2006-01-01,d,"(d) $|\vec{A}+\vec{B}|^2=|\vec{A}-\vec{B}|^2$
$=|\vec{A}|^2+|\vec{B}|^2+2 \vec{A} \cdot \vec{B}=A^2+B^2+2 A B \cos \theta$
$=|\vec{A}-\vec{B}|^2=|\vec{A}|^2+|\vec{B}|^2-2 \vec{A} \cdot \vec{B}$
$=A^2+B^2-2 A B \cos \theta$
So, $A^2+B^2+2 A B \cos \theta$
$=A^2+B^2-2 A B \cos \theta$
$4 A B \cos \theta=0 \Rightarrow \cos \theta=0$
$\theta=90^{\circ}$
So, angle between $A \& B$ is $90^{\circ}$.",False
116,3,8,15,What is the linear velocity if angular velocity vector $\vec{\omega}=3 \hat{i}-4 \hat{j}+\hat{k}$ and position vector $\vec{r}=5 \hat{i}-6 \hat{j}+6 \hat{k}$,$6 \hat{i}+2 \hat{j}-3 \hat{k}$,$-18 \hat{i}-13 \hat{j}+2 \hat{k}$,$18 \hat{i}+13 \hat{j}-2 \hat{k}$,$6 \hat{i}-2 \hat{j}+8 \hat{k}$,1999-01-01,b,"(b) As we know that
$$
\begin{aligned}
\vec{v} & =\vec{\omega} \times \vec{r}=(3 \hat{i}-4 \hat{j}+\hat{k}) \times(5 \hat{i}-6 \hat{j}+6 \hat{k}) \\
& =-18 \hat{i}-13 \hat{j}+2 \hat{k}
\end{aligned}
$$",False
130,3,9,29, Two particles $A$ and $B$ are connected by a rigid $\operatorname{rod} \mathrm{AB}$. The rod slides along perpendicular rails as shown here. The velocity of $A$ to the left is $10 \mathrm{~m} / \mathrm{s}$. What is the velocity of B when angle $\alpha=60^{\circ}$ ?,$5.8 \mathrm{~m} / \mathrm{s}$,$9.8 \mathrm{~m} / \mathrm{s}$,$10 \mathrm{~m} / \mathrm{s}$,$17.3 \mathrm{~m} / \mathrm{s}$,1998-01-01,a,"(a) Given, $v_A=10 \mathrm{~m} / \mathrm{sec}$ $\alpha=60^{\circ}$
let length of the rod $=\mathrm{L}$
From figure,
$\Rightarrow x^2+y^2=\mathrm{L}$
differentiation with respect to time ' $t$ '
$\Rightarrow 2 x \frac{d x}{d t}+2 y \frac{d y}{d t}=0$
$\Rightarrow x \frac{d x}{d t}+y \frac{d y}{d t}=0$
where, $\frac{d x}{d t}=v_A$ and $\frac{d y}{d t}=v_B$
So, $x v_A+y v_B=0$
$$
v_B=\frac{-x}{y} v_A
$$
where $\frac{x}{y}=\cot \alpha$
So, $v_B=-v_A \cot \alpha$
$$
v_B=10 \cot 60^{\circ}
$$
$$
v_B=\frac{-10}{\sqrt{3}}=-5.773 \simeq 5.8 \mathrm{~m} / \mathrm{sec}
$$",True
194,4,13,30,"A block of mass $m$ is placed on a smooth wedge of inclination $\theta$. The whole system is accelerated horizontally so that the block does not slip on the wedge. The force exerted by the wedge on the block ( $\mathrm{g}$ is acceleration due to gravity) will be
"," $\mathrm{mg} / \cos \theta$

",$\mathrm{mg} \cos \theta$,$m g \sin \theta$,$\mathrm{mg}$,2004-01-01,a,"According to the condition,$$
\mathrm{N}=m a \sin \theta+m g \cos \theta
$$
Also, $m g \sin \theta=m a \cos \theta$
From (1) \& (2), $a=g \tan \theta$
$$
\begin{aligned}
\therefore N & =m g \frac{\sin ^2 \theta}{\cos \theta}+m g \cos \theta . \\
& =\frac{m g}{\cos \theta}\left(\sin ^2 \theta+\cos ^2 \theta\right)=\frac{m g}{\cos \theta}
\end{aligned}
$$",True
236,5,16,7,. A vertical spring with force constant $\mathrm{k}$ is fixed on a table. A ball of mass $\mathrm{m}$ at a height $\mathrm{h}$ above the free upper end of the spring falls vertically on the spring so that the spring is compressed by a distance $\mathrm{d}$. The net work done in the process is,) $m g(h+d)-\frac{1}{2} k d^2$,$m g(h-d)-\frac{1}{2} k d^2$,$\mathrm{mg}(\mathrm{h}-\mathrm{d})+\frac{1}{2} \mathrm{kd}^2$,$\mathrm{mg}(\mathrm{h}+\mathrm{d})+\frac{1}{2} \mathrm{kd}^2$,2007-01-01,a,"7. (a)
$W=$ Potential energy stored in the spring + Loss of potential energy of mass
$W=m g(h+d)-\frac{1}{2} k d^2$
Gravitational potential energy of ball gets converted into elastic potential energy of the spring.
$m g(h+d)=\frac{1}{2} k d^2$
Net work done $=\operatorname{mg}(h+d)-\frac{1}{2} k d^2=0$",True
310,6,20,9,The centre of mass of a system of particles does not depend upon ,masses of the particles,forces acting on the particles,position of the particles,relative distances between the particles,1997-01-01,b,"(b) Centre of mass of system depends upon position and masses of particle. Also, it depends upon relative distance between particles.",False
413,7,27,20, The acceleration due to gravity on the planet $\mathrm{A}$ is 9 times the acceleration due to gravity on planet $B$. A man jumps to a height of $2 \mathrm{~m}$ on the surface of $A$. What is the height of jump by the same person on the planet $\mathrm{B}$ ?,$\frac{2}{3} \mathrm{~m}$,$\frac{2}{9} \mathrm{~m}$,$18 \mathrm{~m}$,$6 \mathrm{~m}$,2003-01-01,c,"(c) Applying conservation of total mechanical energy principle 98
PHYSICS
$\Rightarrow h_B=\left(\frac{g_A}{g_B}\right) h_A=9 \times 2=18 \mathrm{~m}$
The velocity of the mass while reaching the surface of both the planets will be same.
$$
\begin{aligned}
& \Rightarrow \sqrt{2 g^{\prime} h^{\prime}}=\sqrt{2 g h} \\
& \Rightarrow \sqrt{2 g h^{\prime}}=\sqrt{2 \times 9 g \times 2} \\
& \Rightarrow 2 h^{\prime}=36 \Rightarrow h^{\prime}=18 \mathrm{~m}
\end{aligned}
$$
$$
\begin{aligned}
& \frac{1}{2} m v^2=m g_A h_A=m g_B h_B \\
& \Rightarrow g_A h_A=g_B h_B
\end{aligned}
$$",False
484,9,35,18,The wetability of a surface by a liquid depends primarily on,surface tension,density,angle of contact between the surface and the liquid,viscosity,2013-01-01,c, Wetability of a surface by a liquid primarily depends on angle of contact between the surface and liquid.If angle of contact is acute liquids wet the solid and vice-versa.,False
533,10,38,48,Certain quantity of water cools from $70^{\circ} \mathrm{C}$ to $60^{\circ} \mathrm{C}$ in the first 5 minutes and to $54^{\circ} \mathrm{C}$ in the next 5 minutes. The temperature of the surroundings is:,"(a) $45^{\circ} \mathrm{C}$
","(b) $20^{\circ} \mathrm{C}$
","(c) $42^{\circ} \mathrm{C}$
",(d) $10^{\circ} \mathrm{C}$,2014-01-01,a,"Let the temperature of surroundings be $\theta_0$ By Newton's law of cooling
$$
\begin{aligned}
& \frac{\theta_1-\theta_2}{\mathrm{t}}=\mathrm{k}\left[\frac{\theta_1+\theta_2}{2}-\theta_0\right] \\
\Rightarrow & \frac{70-60}{5}=\mathrm{k}\left[\frac{70+60}{2}-\theta_0\right] \\
\Rightarrow & 2=\mathrm{k}\left[65-\theta_0\right]
\end{aligned}
$$
Similarly, $\frac{60-54}{5}=\mathrm{k}\left[\frac{60+54}{2}-\theta_0\right]$
$\Rightarrow \quad \frac{6}{5}=\mathrm{k}\left[57-\theta_0\right]$
By dividing (i) by (ii) we have
$$
\frac{10}{6}=\frac{65-\theta_0}{57-\theta_0} \Rightarrow \theta_0=45^{\circ}
$$",False
562,11,40,27,". If $\mathrm{Q}, \mathrm{E}$ and $\mathrm{W}$ denote respectively the heat added, change in internal energy and the work done in a closed cyclic process, then:",$\mathrm{W}=0$,$\mathrm{Q}=\mathrm{W}=0$,$\mathrm{E}=0$,$\mathrm{Q}=0$,2008-01-01,c,"27. (c) In a cyclic process, the initial state coincides with the final state. Hence, the change in internal energy is zero, as it depends only on the initial and final states.
In case of cyclic process, $\mathrm{u}_f=\mathrm{u}_i \therefore \Delta \mathrm{u}=\mathrm{u}_f-\mathrm{u}_i=0$ And also $\Delta \mathrm{u} \propto \Delta T \therefore \Delta T=0$",False
596,12,42,8,"The equation of state, corresponding to $8 \mathrm{~g}$ of $\mathrm{O}_2$ is",$P V=8 R T$, $P V=R T / 4$, $P V=R T$, $P V=R T / 2$,1994-01-01,b,"$8 \mathrm{~g}$ of oxygen is equivalent to (1/4) mole.
So, $P V=\frac{1}{4} R T$",False
597,12,42,9,"According to kinetic theory of gases, at absolute zero temperature",water freezes,liquid helium freezes,molecular motion stops,liquid hydrogen freezes,1990-01-01,c,(c),False
772,14,52,76,"A car is moving towards a high cliff. The car driver sounds a horn of frequency $f$. The reflected sound heard by the driver has frequency $2 f$. If $v$ be the velocity of sound, then the velocity of the car, in the same velocity units, will be","$v / 2$
",$v / \sqrt{ } 2$,$v / 3$,$v / 4$,2004-01-01,c,"Let $f^{\prime}$ be the frequency of sound heard by cliff.
$\therefore f=\frac{v f}{v-v_c}$
Now, for the reflected wave, cliff acts as a source,
$\therefore 2 f=\frac{f^{\prime}\left(\mathrm{v}+\mathrm{v}_{\mathrm{c}}\right)}{v}$
$2 f=\frac{\left(v+v_{\mathrm{c}}\right) f}{v-v_c}$ $\Rightarrow 2 v-2 v_c=v+v_{\mathrm{c}}$ or $\frac{v}{3}=v_c$",False
855,16,58,33," A series combination of $n_1$ capacitors, each of value $C_1$, is charged by a source of potential difference $4 \mathrm{~V}$. When another parallel combination of $n_2$ capacitors, each of value $C_2$, is charged by a source of potential difference $V$, it has the same (total) energy stored in it, as the first combination has. The value of $C_2$, in terms of $C_1$, is then", $\frac{2 C_1}{n_1 n_2}$,$16 \frac{n_2}{n_1} C_1$,$2 \frac{n_2}{n_1} C_1$,$\frac{16 C_1}{n_1 n_2}$,2010-01-01,d,"In series, $\mathrm{C}_{\mathrm{eff}}=\frac{C_1}{n_1}$
$\therefore \quad$ Energy stored,
$E_S=\frac{1}{2} C_{e f f} V_S^2=\frac{1}{2} \frac{C_1}{n_1} 16 V^2$
$=8 V^2 \frac{C_1}{n_1}$
In parallel, $\mathrm{C}_{\mathrm{eff}}=\mathrm{n}_2 \mathrm{C}_2$
$\therefore \quad$ Energy stored, $\mathrm{E}_{\mathrm{p}}=\frac{1}{2} \mathrm{n}_2 \mathrm{C}_2 \mathrm{~V}^2$
According to question $\mathrm{E}_{\mathrm{s}}=\mathrm{E}_{\mathrm{p}}$
$\therefore \quad \frac{8 V^2 C_1}{n_1}=\frac{1}{2} n_2 C_2 V^2$
$\Rightarrow C_2=\frac{16 C_1}{n_1 n_2}$",False
881,17,59,10,A wire of a certain material is stretched slowly by ten per cent. Its new resistance and specific resistance become respectively:,"(a) 1.2 times, 1.3 times","(b) 1.21 times, same",(c) both remain the same,"(d) 1.1 times, 1.1 times",2008-01-01,b,"Resistance of a wire is given by $\mathrm{R}=\mathrm{r} \frac{\mathrm{l}}{\mathrm{a}}$

If the length is increased by $10 \%$ then new

length $l^{\prime}=l+\frac{1}{10}=\frac{11}{10} l$

In that case, area of cross-section of wire would decrease by $10 \%$

$\therefore$ New area of cross-section

$\mathrm{A}^{\prime}=\mathrm{A}-\frac{\mathrm{A}}{10}=\frac{9}{10} \mathrm{~A}$ $\therefore \mathrm{R}^{\prime}=\mathrm{r} \frac{\ell^{\prime}}{\mathrm{A}^{\prime}}=\mathrm{r} \frac{\frac{11}{10} l}{\frac{9}{10} \mathrm{~A}}$

$\mathrm{R}^{\prime}=\frac{11}{9} \mathrm{r} \frac{l}{\mathrm{R}} \quad \mathrm{R}^{\prime}=1.21 \mathrm{R}$

The new resistance increases by 1.21 times. The specific resistance (resistivity) remains unchanged as it depends on the nature of the material of the wire.

After stretching if length of a conductor increases by $x \%$ then resistance will increase by $2 x \%$ (Valid only if $x<10 \%$ )",False
1047,18,66,61,"A rectangular coil of length $0.12 \mathrm{~m}$ and width 0.1 $\mathrm{m}$ having 50 turns of wire is suspended vertically in a uniform magnetic field of strength 0.2 weber/ $\mathrm{m}^2$. The coil carries a current of $2 \mathrm{~A}$. If the plane of the coil is inclined at an angle of $30^{\circ}$ with the direction of the field, the torque required to keep the coil in stable equilibrium will be :",$0.20 \mathrm{Nm}$,$0.24 \mathrm{Nm}$,$0.12 \mathrm{Nm}$,$0.15 \mathrm{Nm}$,2015-01-01,a,"61. (a) Here, number of turns of coil, $\mathrm{N}=50$

Current through the coil $\mathrm{I}=2 \mathrm{~A}$

Area $\mathrm{A}=l \times \mathrm{b}=0.12 \times 0.1 \mathrm{~m}^{2}=0.012 \mathrm{~m}^{2}$

Magnetic field $\vec{B}=0.2 \mathrm{~W} / \mathrm{m}^{2}$

![](https://cdn.mathpix.com/cropped/2024_01_04_815f12cc2181cf1d0d72g-247.jpg?height=333&width=379&top_left_y=1690&top_left_x=1293)

Torque required to keep the coil in stable equilibrium.

$$
\begin{aligned}
& \tau=\overrightarrow{\mathrm{M}} \times \overrightarrow{\mathrm{B}}=\mathrm{MB} \sin 60^{\circ}=\mathrm{Ni} \mathrm{AB} \sin 60^{\circ} \\
& =50 \times 2 \times 0.12 \times 0.1 \times 0.2 \times \frac{\sqrt{3}}{2} \\
& =12 \sqrt{3} \times 10^{-2}=0.20784 \mathrm{Nm}
\end{aligned}
$$",True
1125,20,72,21," The magnetic potential energy stored in a certain inductor is $25 \mathrm{~mJ}$, when the current in the inductor is $60 \mathrm{~mA}$. This inductor is of inductanc", $0.138 \mathrm{H}$,$138.88 \mathrm{H}$,$13.89 \mathrm{H}$, $1.389 \mathrm{H}$,2018-01-01,c,"From question energy stored in inductor, $\mathrm{U}=25 \times 10^{-3} \mathrm{~J}$
Current, $\mathrm{I}=60 \mathrm{~mA}$
Energy stored in inductor $U=\frac{1}{2} L I^2$
$25 \times 10^{-3}=\frac{1}{2} \times L \times\left(60 \times 10^{-3}\right)^2$
$\mathrm{L}=\frac{25 \times 2 \times 10^6 \times 10^{-3}}{3600}=13.89 \mathrm{Hm}$",False
1141,20,72,37, The total charge induced in a conducting loop when it is moved in a magnetic field depends on, the rate of change of magnetic flux, initial magnetic flux only,the total change in magnetic flux,final magnetic flux only,1990-01-01,c,"$e=\frac{d \phi}{d t} ; i=\frac{e}{R}=\frac{1}{R} \frac{d \phi}{d t}$
Total charge induced $=\int i d t=\int \frac{1}{R} \frac{d \phi}{d t} \cdot d t$
$$
=\frac{1}{R} \int_{\phi_1}^{\phi_2} d \phi=\frac{1}{R}\left(\phi_2-\phi_1\right)
$$",False
1319,24,85,23,The Brewsters angle $i_b$ for an interface should be,$30^{\circ}<\mathrm{i}_{\mathrm{b}}<45^{\circ}$,$45^{\circ}<\mathrm{i}_{\mathrm{b}}<90^{\circ}$,$\mathrm{i}_{\mathrm{b}}=90^{\circ}$,$0^{\circ}<\mathrm{i}_{\mathrm{b}}<30^{\circ}$,2020-01-01,b,"23. (b) According to Brewster's law, when a beam of unpolarised light is reflected from a transparent medium of refractive index $\left(\mu_2\right)$, the reflected light is completely polarised at certain angle of incidence called the angle of polarisation $\left(i_b\right)$.
$$
\tan i_b=\frac{\mu_2}{\mu_1}
$$
For air, $\mu_1=1$
$\therefore \tan i_b=\mu_2>1$
$\Rightarrow \tan i_b>1 \Rightarrow 90^{\circ}>i_b>45^{\circ}$",False
1418,26,88,2,. An alpha nucleus of energy $\frac{1}{2} m v^2$ bombards a heavy nuclear target of charge $Z e$. Then the distance of closest approach for the alpha nucleus will be proportional to,$\frac{1}{Z e}$,b) $v^2$,) $\frac{1}{m}$,$\frac{1}{v^4}$,2010-01-01,c,"c) Kinetic energy of alpha nucleus is equall to electrostatic potential energy of the system of the alpha particle and the heavy nucleus. That is,
$\frac{1}{2} m v^2=\frac{1}{4 \pi \varepsilon_0} \frac{q_\alpha Z e}{r_0}$
where $r_0$ is the distance of closest approach
$r_0=\frac{2}{4 \pi \varepsilon_0} \frac{q_\alpha Z e}{m v^2}$
$\Rightarrow r_0 \propto Z e \propto q_\alpha \propto \frac{1}{m} \propto \frac{1}{v^2}$
Hence, correct option is (c).",False
1661,28,95,96,"The output from a NAND gate is divided into two in parallel and fed to another NAND gate. The resulting gate is a
",NOT gate,AND gate,NOR gate,OR gate,2013-01-01,b,"$C^{\prime}=\overline{A \cdot B} \Rightarrow C=\overline{\overline{A \cdot B}}=A \cdot B$
Hence the resultant gate is AND gate.",True
1699,29,96,22,"The number of significant figures for the three numbers $161 \mathrm{~cm}, 0.161 \mathrm{~cm}, 0.0161 \mathrm{~cm}$ are","(a) 3, 4 and 5 respectively","(b) 3,4 and 4 respectively","(c) 3,3 and 4 respectively","(d) 3, 3 and 3 respectively",1998-01-01,d,"(d) Number $161 \mathrm{~cm}, 0.161 \mathrm{~cm}$ and $0.0161 \mathrm{~cm} h a v e$ 3,3 and 3 significant figures respectively.

A All non-zero digits are significant and the zeros at the beginning of a number are not significant.",False
1941,32,109,98,Which of the following species contains equal number of $\sigma$ - and $\pi$-bonds :,(a) $\mathrm{XeO}_{4}$,(b) $(\mathrm{CN})_{2}$,(c) $\mathrm{CH}_{2}(\mathrm{CN})_{2}$,(d) $\mathrm{HCO}_{3}^{-}$,2015-01-01,a,"(a)<smiles>O=S(=O)([O-])O</smiles>

Number of $\sigma$ bonds $=4$

Number of $\pi$ bonds $=4$",True
2049,34,115,24,"Given that bond energies of $\mathrm{H}-\mathrm{H}$ and $\mathrm{Cl}-\mathrm{Cl}$ are $430 \mathrm{~kJ} \mathrm{~mol}^{-1}$ and $240 \mathrm{~kJ} \mathrm{~mol}^{-1}$ respectively and $\Delta H_{f}$ for $\mathrm{HCl}$ is $-90 \mathrm{~kJ} \mathrm{~mol}^{-1}$, bond enthalpy of $\mathrm{HCl}$ is",(a) $380 \mathrm{~kJ} \mathrm{~mol}^{-1}$,(b) $425 \mathrm{~kJ} \mathrm{~mol}^{-1}$,(c) $245 \mathrm{~kJ} \mathrm{~mol}^{-1}$,(d) $290 \mathrm{~kJ} \mathrm{~mol}^{-1}$,2007-01-01,b,"(b) $\frac{1}{2} \mathrm{H}_{2}+\frac{1}{2} \mathrm{Cl}_{2} \longrightarrow \mathrm{HCl}$

$\Delta H_{\mathrm{HCl}}=\sum$ B.E. of reactant

$$
-\sum \text { B.E. of products }
$$

$-90=\frac{1}{2} \times 430+\frac{1}{2} \times 240-$ B.E. of $\mathrm{HCl}$

$\therefore$ B.E. of $\mathrm{HCl}=215+120+90$

$$
=425 \mathrm{~kJ} \mathrm{~mol}^{-1}
$$",False
2108,35,118,7,"For the reaction $\mathrm{N}_2(\mathrm{~g})+\mathrm{O}_2(\mathrm{~g}) \rightleftharpoons 2 \mathrm{NO}(\mathrm{g})$, the equilibrium constant is $K_1$. The equilibrium constant is $K_2$ for the reaction
[2011]
$$
2 \mathrm{NO}(\mathrm{g})+\mathrm{O}_2(\mathrm{~g}) \rightleftharpoons 2 \mathrm{NO}_2(\mathrm{~g}) \text {. }
$$
What is $K$ for the reaction
$$
\mathrm{NO}_2(\mathrm{~g}) \rightleftharpoons \frac{1}{2} \mathrm{~N}_2(\mathrm{~g})+\mathrm{O}_2(\mathrm{~g}) \text { ? }
$$", $1 /\left(2 K_1 K_2\right)$,$1 /\left(4 K_1 K_2\right)$, $\left[1 / K_1 K_2\right]^{1 / 2}$, $1 /\left(K_1 K_2\right)$,2011-01-01,c,"$$
\begin{aligned}
& \mathrm{N}_2(\mathrm{~g})+\mathrm{O}_2(\mathrm{~g}) \rightleftharpoons 2 \mathrm{NO}(\mathrm{g}) \\
& K_1=\frac{[\mathrm{NO}]^2}{\left[\mathrm{~N}_2\right]\left[\mathrm{O}_2\right]}
\end{aligned}
$$
For the reaction
$$
\begin{aligned}
& 2 \mathrm{NO}(\mathrm{g})+\mathrm{O}_2(\mathrm{~g}) \rightleftharpoons 2 \mathrm{NO}_2(\mathrm{~g}) \\
& K_2=\frac{\left[\mathrm{NO}_2\right]^2}{\left[\mathrm{NO}^2\left[\mathrm{O}_2\right]\right.}
\end{aligned}
$$
For the reaction
$$
\begin{aligned}
& \mathrm{NO}_2(\mathrm{~g}) \rightleftharpoons \frac{1}{2} \mathrm{~N}_2(\mathrm{~g})+\mathrm{O}_2(\mathrm{~g}) \\
& K=\frac{\left[\mathrm{N}_2\right]^{\frac{1}{2}}\left[\mathrm{O}_2\right]}{\left[\mathrm{NO}_2\right]}
\end{aligned}
$$
Hence, $K=\sqrt{\frac{1}{K_1} \times \frac{1}{K_2}}$
$K=\frac{\left[\mathrm{N}_2\right]^{\frac{1}{2}}\left[\mathrm{O}_2\right]^{\frac{1}{2}}}{[\mathrm{NO}]} \times \frac{[\mathrm{NO}]\left[\mathrm{O}_2\right]^{\frac{1}{2}}}{\left[\mathrm{NO}_2\right]}=\frac{\left[\mathrm{N}_2\right]^{\frac{1}{2}}\left[\mathrm{O}_2\right]}{\left[\mathrm{NO}_2\right]}$",False
2146,35,120,45,Which of the following molecules acts as a Lewis acid?,$\left(\mathrm{CH}_{3}\right)_{2} \mathrm{O}$,$\left(\mathrm{CH}_{3}\right)_{3} \mathrm{P}$, $\left(\mathrm{CH}_{3}\right)_{3} \mathrm{~N}$,$\left(\mathrm{CH}_{3}\right)_{3} \mathrm{~B}$ ,2009-01-01,d,"$\left(\mathrm{CH}_3\right)_3 \mathrm{~B}-$ is an electron deficient, thus behave as a lewis acid.",False
2179,35,122,78,"The values of $K_{s p}$ of $\mathrm{CaCO}_3$ and $\mathrm{CaC}_2 \mathrm{O}_4$ are $4.7 \times 10^{-9}$ and $1.3 \times 10^{-9}$ respectively at $25^{\circ} \mathrm{C}$. If the mixture of these two is washed with water, what is the concentration of $\mathrm{Ca}^{2+}$ ions in water?",$7.746 \times 10^{-5} \mathrm{M}$, $5.831 \times 10^{-5} \mathrm{M}$,$6.856 \times 10^{-5} \mathrm{M}$,$3.606 \times 10^{-5} \mathrm{M}$,2013-01-01,a,"$\mathrm{CaCO}_3 \longrightarrow \mathrm{Ca}_x^{2+}+\mathrm{CO}_3^{2-}$
$\mathrm{CaC}_2 \mathrm{O}_4 \longrightarrow \underset{y}{\mathrm{Ca}^{2+}}+\mathrm{C}_2 \mathrm{O}_4^{2-}$
$\therefore\left[\mathrm{Ca}^{2+}\right]=x+y$
Now, $K_{s p}\left(\mathrm{CaCO}_3\right)=\left[\mathrm{Ca}^{2+}\right]\left[\mathrm{CO}_3^{2-}\right]$
or $4.7 \times 10^{-9}=(x+y) x$
similarly, $K_{s p}\left(\mathrm{CaC}_2 \mathrm{O}_4\right)=\left[\mathrm{Ca}^{2+}\right]\left[\mathrm{C}_2 \mathrm{O}_4^{2-}\right]$
or $1.3 \times 10^{-9}=(x+y) y$
On solving, we get
$\left[\mathrm{Ca}^{2+}\right]=7.746 \times 10^{-5} \mathrm{M}$",False
2206,36,123,1,$\mathrm{Zn}$ gives $\mathrm{H}_2$ gas with $\mathrm{H}_2 \mathrm{SO}_4$ and $\mathrm{HCl}$ but not with $\mathrm{HNO}_3$ because ,$\mathrm{Zn}$ acts as an oxidising agent when it reacts with $\mathrm{HNO}_3$,$\mathrm{HNO}_3$ is weaker acid than $\mathrm{H}_2 \mathrm{SO}_4$ and $\mathrm{HCl}$,"In electrochemical series, $\mathrm{Zn}$ is above hydrogen",$\mathrm{NO}_3^{-}$is reduced in preference to hydronium ion,2002-01-01,d,"1. (d) Zinc gives $\mathrm{H}_2$ gas with dil $\mathrm{H}_2 \mathrm{SO}_4 / \mathrm{HCl}$ but not with $\mathrm{HNO}_3$ because in $\mathrm{HNO}_3, \mathrm{NO}_3{ }^{-}$ion is reduced and give $\mathrm{NH}_4 \mathrm{NO}_3, \mathrm{~N}_2 \mathrm{O}, \mathrm{NO}$ and $\mathrm{NO}_2$
$$
\left[\mathrm{Zn}+\underset{(\text { nearly } 6 \%)}{2 \mathrm{HNO}_3} \longrightarrow \mathrm{Zn}\left(\mathrm{NO}_3\right)_3+2 \mathrm{H}\right] \times 4
$$
$$
\begin{aligned}
& \mathrm{HNO}_3+8 \mathrm{H} \longrightarrow \mathrm{NH}_3+3 \mathrm{H}_2 \mathrm{O} \\
& \mathrm{NH}_3+\mathrm{HNO}_3 \longrightarrow \mathrm{NH}_4 \mathrm{NO}_3 \\
& 4 \mathrm{Zn}+10 \mathrm{HNO}_3 \longrightarrow 4 \mathrm{Zn}\left(\mathrm{NO}_3\right)_2+\mathrm{NH}_4 \mathrm{NO}_3+3 \mathrm{H}_2 \mathrm{O}
\end{aligned}
$$
$\mathrm{Zn}$ is above of hydrogen in electrochemical series. So, $\mathrm{Zn}$ displaces $\mathrm{H}_2$ from dilute $\mathrm{H}_2 \mathrm{SO}_4$ and $\mathrm{HCl}$ with liberation of $\mathrm{H}_2$.
$$
\mathrm{Zn}+\mathrm{H}_2 \mathrm{SO}_4 \rightarrow \mathrm{ZnSO}_4+\mathrm{H}_2
$$",False
2307,39,135,13,Which of the following is not correct about carbon monoxide?,(a) It reduces oxygen carrying ability of blood.,(b) The carboxyhaemoglobin (haemoglobin bound to $\mathrm{CO}$ ) is less stable than oxyhaemoglobin.,(c) It is produced due to incomplete combustion.,(d) It forms carboxyhaemoglobin,2020-01-01,b," The carboxyhaemoglobin (haemoglobin bound to $\mathrm{CO}$ ), is about 300 times more stable than oxygaemoglobin.",False
2434,41,140,39,"In reaction sequence
molecule ' $\mathrm{M}$ ' and reagent ' $\mathrm{R}$ ' respectively are",$\mathrm{CH}_3 \mathrm{CH}_2 \mathrm{Cl}$ and $\mathrm{NaOH}$,$\mathrm{CH}_3 \mathrm{CH}_2 \mathrm{OH}$ and $\mathrm{H}_2 \mathrm{SO}_4$,$\mathrm{CH}_2 \mathrm{Cl}-\mathrm{CH}_2 \mathrm{OH}$ and aqueous $\mathrm{NaHCO}_3$,<smiles>C1COC1</smiles>,1997-01-01,c,"We know that
<smiles>C=C[C+](Cl)(CCl)CNC(=O)C(CO)CO</smiles>
$\mathrm{M}=\mathrm{CH}_2 \mathrm{OH}-\mathrm{CH}_2 \mathrm{Cl}$ and $\mathrm{R}=\mathrm{NaHCO}_3$",True
2676,46,156,15,". For the reaction $2 \mathrm{~N}_2 \mathrm{O}_5 \rightarrow 4 \mathrm{NO}_2+\mathrm{O}_2$, rate and rate constant are $1.02 \times 10^{-4} \mathrm{~mol} \mathrm{lit}^{-1} \mathrm{~s}^{-1}$ and $3.4 \times 10^{-5} \mathrm{~s}^{-1}$ respectively then concentration of $\mathrm{N}_2 \mathrm{O}_5$ at that time will be",(a) $1.732 \mathrm{M}$,(b) $3 \mathrm{M}$,(c) $3.4 \times 10^5 \mathrm{M}$,(d) $1.02 \times 10^{-4} \mathrm{M}$,2001-01-01,b,". (b) $2 \mathrm{~N}_2 \mathrm{O}_5 \rightarrow 4 \mathrm{NO}_2+\mathrm{O}_2$
From the unit of rate constant, it is clear that the reaction follow first order kinetics. Hence, by rate law equation, $\quad r=k\left[\mathrm{~N}_2 \mathrm{O}_5\right]$
where $r=1.02 \times 10^{-4}, k=3.4 \times 10^{-5}$
$1.02 \times 10^{-4}=3.4 \times 10^{-5}\left[\mathrm{~N}_2 \mathrm{O}_5\right]$
$\left[\mathrm{N}_2 \mathrm{O}_5\right]=3 \mathrm{M}$",False
2747,48,162,1, Which one is malachite from the following ?,(a) $\mathrm{CuFeS}_{2}$,(b) $\mathrm{Cu}(\mathrm{OH})_{2}$,(c) $\mathrm{Fe}_{3} \mathrm{O}_{4}$,(d) $\mathrm{CuCO}_{3} \cdot \mathrm{Cu}(\mathrm{OH})_{2}$,2015-01-01,d,Molachite is a green copper carborate hydroxide mineral with chemical composition $\mathrm{CuCO}_{3} \cdot \mathrm{C}_{4}(\mathrm{OH})_{2}$.,False
2825,49,166,61,Hypo is used in photography to,(a) reduce $\mathrm{AgBr}$ grains to metallic silver,(b) convert metallic silver to silver salt,(c) remove undecomposed silver bromide as a soluble complex,(d) remove reduced silver,1988-01-01,c,". (c) Undecomposed $\mathrm{AgBr}$ forms a soluble complex with hypo
$$
\mathrm{AgBr}+2 \mathrm{Na}_2 \mathrm{~S}_2 \mathrm{O}_3 \rightarrow \mathrm{Na}_3\left[\mathrm{Ag}\left(\mathrm{S}_2 \mathrm{O}_3\right)_2\right]+\mathrm{NaBr}
$$
soluble complex",False
2963,51,172,19,Which of the following coordination compounds would exhibit optical isomerism?,pentaamminenitrocobalt(III) iodide,diamminedichloroplatinum(II), trans-dicyanobis (ethylenediamine) chromium (III) chloride,tris-(ethylendiamine) cobalt (III) bromide,2004-01-01,d,"The optical isomers are pair of molecules which are non superimposable mirror images of each other.

The two optically active isomers are collectively called enantiomers",True
3101,53,178,14,Propan - 1- ol may be prepared by the reaction of propene with,$\mathrm{H}_3 \mathrm{BO}_3$,$\mathrm{H}_2 \mathrm{SO}_4 / \mathrm{H}_2 \mathrm{O}$,"$\mathrm{B}_2 \mathrm{H}_6, \mathrm{NaOH}-\mathrm{H}_2 \mathrm{O}_2$",<smiles>CC(=O)OO</smiles>,2000-01-01,c,"14. (c)
$$
\mathrm{CH}_3-\mathrm{CH}=\mathrm{CH}_2 \underset{\mathrm{NaOH} / \mathrm{H}_2 \mathrm{O}_2}{\stackrel{\mathrm{B}_2 \mathrm{H}_6}{\longrightarrow}} \underset{\text { Propanol }}{\mathrm{CH}_3}-\underset{\mathrm{CH}_2}{\mathrm{CH}_2}-\mathrm{OH}
$$",True
3124,53,179,37,"Consider the following reaction:
Phenol $\stackrel{\mathrm{Zn} \text { dust }}{\longrightarrow} \mathrm{X}$
Alkaline $\mathrm{KMnO}_4 \longrightarrow \mathrm{Z}$
The product $Z$ is:",benzaldehyde,benzoic acid,benzene,toluene,2009-01-01,b,"37. (b)
<smiles>[X]c1ccccc1</smiles>
Phenol
<smiles>O=C(O)c1ccccc1</smiles>",True
3155,54,181,7,The catalyst used in Rosenmund's reduction is,$\mathrm{HgSO}_4$,$\mathrm{Pd} / \mathrm{BaSO}_4$,anhydrous $\mathrm{AlCl}_3$,anhydrous $\mathrm{ZnCl}_2$,2000-01-01,b,"7. (b) Catalyst used in Rosenmund reduction is $\mathrm{Pd} /$ $\mathrm{BaSO}_4$. Rosenmund Reduction is used for reduction of acid chloride.
$$
\mathrm{R}-\mathrm{C}-\mathrm{Cl} \stackrel{\mathrm{Pd} / \mathrm{BaSO}_4}{\longrightarrow} \mathrm{R}-\stackrel{\mathrm{C}}{\mathrm{C}}-\mathrm{H}
$$",True
3300,55,186,53,Diazo coupling is useful to prepare some,(a) Pesticides,(b) dyes,(c) proteins,(d) vitamins,1994-01-01,b,. (b) Azo dyes can be prepared by diazotizing an aromatic amine and subsequent coupling with a suitable aromatic phenol or amine,True
3433,59,195,18,Emission of an alpha particle leads to a,(a) Decrease of 2 units in the charge of the atom,(b) Increase of 2 units in the mass of the atom,(c) Decrease of 2 units in the mass of the atom,(d) Increase of 4 units in the mass of the atom.,1989-01-01,a, Emission of $\alpha$-particle $\left({ }_{2}^{4} \mathrm{He}\right)$ leads to decrease of 2 units of charge. e.g. 92 U238 →90 Th 234 +2 He4,False
3544,61,201,69,Protists obtain food as,"photosynthesisers, symbionts and holotrophs",photosynthesisers,chemosynthesisers, holotrophs,1994-01-01,a,"Members of kingdom Protista have diverse mode of nutrition. They are photosynthetic, saprophytic, parasitic and ingestive. They are major heterotrophs.",False
3549,61,201,74,"Plasmodium, the malarial parasite, belongs to class",Sarcodina,Ciliata,Sporozoa,Dinophyceae,1990-01-01,c,Plasmodium belongs to class Sporozoa of protozoan protists. It is an endoparasite lacking any locomotory structure and contractile vacules. It reproduces through spore formation.,False
3610,61,204,135,"
 Which one single organism or the pair of organisms is correctly assigned to its taxonomic group?", Paramoecium and Plasmodium belong to the same kingdom as that of Penicillium,Lichen is a composite organism formed from the symbiotic association of an algae and a protozoan,Yeast used in making bread and beer is a fungus,Nostoc and Anabaena are examples of protista,2012-01-01,c,Saccharomyces cervisiae is a yeast used in making bread (Baker's yeast) and commercial production of ethanol.Paramoecium \& Plasmodium are of animal kingdom while Pencillium is a fungi. Lichen is composite organism formed from the symbiotic association of an algae and a fungus. Nostoc \& Anabaena are examples of kingdom monera.,False
3639,62,205,23,Brown algae is characterised by the presence of,(a) phycocyanin,(b) phycoerythrin,(c) fucoxanthin,(d) haematochrome,1997-01-01,c,Fucoxanthin is a caretenoid pigment present besides chlorophyll in brown algae. Phycoerythrins are accessory photosynthetic pigments along with phycocyanins. They both are water soluble pigments phycobilin. Haematochrome is a red pigment present in hypnospores (non-motile resting spores) of Chlamydomonas.,False
3711,62,208,95,"The gametophyte is not an independent, free living generation in :",(a) Polytrichum,(b) Adiantum,(c) Marchantia,(d) Pinus,2011-01-01,d,"Unlike bryophytes and pteridophytes, in gymnosperms the male and female gametophytes do not have an independent free-living existence. They remain within the sporangia retained on the sporophytes.",False
3942,64,218,29,"Among bitter gourd, mustard, brinjal, pumpkin, china rose, lupin, cucumber, sunhemp, gram, guava, bean, chilli, plum, petunia, tomato, rose, withania, potato, onion, aloe and tulip how many plants have hypogynous flower?",Ten, Fifteen,Eighteen,$\mathrm{Six}$,2013-01-01,b," Mustard (cruciferae), brinjal (solanaceae) china rose (malvaceae), lupin (leguminosae), gram (leguminosae), bean (leguminosae), chilli, Petunia, potato, tomato, Withania (solanaceae), onion, Aloe, tulip (liliaceae) have hypogynous flower while bittergourd, cucumber (cucurbitaceae), guava (myrtaceae) have epigynous flower and rose has perigynous flower.",False
4085,65,223,66,A bicollateral vascular bundle is characterised by,(a) Phloem being sandwiched between xylem,(b) Transverse splitting of vascular bundle,(c) Longitudinal splitting of vascular bundle,(d) Xylem being sandwiched between phloem,1992-01-01,d, Bicollateral vascular bundles have phloem in both outer and inner side of xylem. These type of bundles occur in cucurbitaceae.,False
4337,68,236,43,Two free ribonucleotide units are interlinked with,(a) peptide bond,(b) covalent bond,(c) hydrogen bond,(d) phosphodiester bond,1995-01-01,d,"43. (d) In a phosphodiester bond, linkage takes place between the phosphate group of one nucleotide and the hydroxyl group of sugar (ribose or deoxyribose) of the adjacent nucleotide.",False
4383,69,239,3, Cells in $\mathrm{G}_0$ phase :, exit the cell cycle, enter the cell cycle,suspend the cell cycle,terminate the cell cycle,2019-01-01,a," $\mathrm{G}_0$ or resting phase is a non-growing state distinct from interphase. It is a period in the cell cycle in which cells exist in a quiescent state. It is viewed as either an extended $G_1$ phase, where the cell is neither dividing nor preparing to divide, or a distinct quiescent stage that occurs outside of the cell cycle.",False
4391,69,239,11, In the somatic cell cycle,In $\mathrm{G}_1$ phase DNA content is double the amount of DNA present in the original cell,DNA replication takes place in S-phase,a short interphase is followed by a long mitotic phase,$\mathrm{G}_2$ phase follows mitotic phase,2004-01-01,b,"DNA replication is restricted to Sphase of interphase. $G_2$ phase is followed by the mitotic phase which is shorter than the interphase. In $\mathrm{G}_2$ phase, DNA content is double than the amount present in the original cell.",False
4546,71,249,46,Which of the following is a symbiotic nitroger fixer?,Azotobacter,Frankia,Azolla,Glomus,2009-01-01,b,Frankia is a symbiotic nitrogen fixer in root nodules of several non-legume plants like Casurina and Alnus.,False
5837,87,295,54," During DNA replication, Okazaki fragments are used to elongate:",The lagging strand towards replication fork., The leading strand away from replication fork., The lagging strand away from the replication fork., The leading strand towards replication fork.,2017-01-01,c,"Two DNA polymerase molecules simultaneously work at the DNA fork, one on the leading strand and the other on the lagging strand.DNA polymerase synthesizes each Okazaki fragment at lagging strand in $5^{\prime}-3^{\prime}$ direction. As the replication fork opens further, new Okazaki fragments appear. The first Okazaki fragment appears away from the replication fork and thus the direction of elongation would be away from replication fork.",False
5844,87,295,61,Removal of introns and joining of exons in a defined order during transcription is called :,Looping, Inducing,Slicing,Splicing,2012-01-01,d,Removal of introns by spliceosome in hnRNA and joining of exons by DNA liagse in a defined order during transcription is called splicing.,False
6231,90,304,8,Which one of the following is a viral disease of poultry?,(a) Coryza,(b) New castle disease,(c) Pasteurellosis,(d) Salmonellosis.,2007-01-01,c,"8. (b) New castle disease (ND) is a highly contagious, generalised viral disease of domestic poultry and wild birds characterised by gastrointestinal, respiratory and nervous signs.
New castle disease is caused by the virus belongs to Paramyxoviruses.",False
6679,96,318,12,The highest number of species in the world is represented by,Fungi,Mosses,Algae,Lichens,2012-01-01,a,Recent estimate suggests that 5.1 million fungal species exists.,False
6851,97,323,103,"Global agreement in specific control strategies to reduce the release of ozone depleting substances, was adopted by",(a) The Montreal Protocol,(b) The Kyoto Protocol,(c) The Vienna Convention,(d) Rio de Janeiro Conference,2009-01-01,a," Global agreement in specific control strategies to reduce the release of ozone depleting substances was adopted by the Montreal protocol. The treaty was originally signed in 1987 and substantially amended in 1990 and 1992. The Montreal protocol stipulates that the production and consumption of compounds that deplete ozone in the stratosphere, chlorofluoro carbons (CFCs), halogens, carbon tetrachloride, and methyl chloroform- are to be phased out by 2000 (2005 for methyl chloroform).",False
7055,4,13,21,One end of string of length $l$ is connected to a particle of mass ' $\mathrm{m}$ ' and the other end is connected to a small peg on a smooth horizontal table. If the particle moves in circle with speed ' $v$ ' the net force on the particle (directed towards centre) will be ( $\mathrm{T}$ represents the tension in the string) :," $\mathrm{T}+\frac{\mathrm{mv}^2}{l}$
 
",$\mathrm{T}-\frac{\mathrm{mv}^2}{l}$,zero,$\mathrm{T}$,2015-01-01,d,"Net force on particle in uniform circular motion is centripetal force $\left(\frac{m v^2}{\ell}\right)$ which is provided by tension in string so the net force will be equal to tension i.e., T.
The contact force between $\mathrm{A}$ and $\mathrm{B}$
$$
=\left(\mathrm{m}_{\mathrm{B}}+\mathrm{m}_{\mathrm{C}}\right) \times \mathrm{a}=(2+1) \times 2=6 \mathrm{~N}
$$
$$
\begin{array}{|c|c}
\hline F-f \quad m_2 a & a=\frac{F}{m_1+m_2+m_3} \\
\hline f_1-f_2 m_2 a & f_1=\frac{\left(m_2+m_3\right) F}{m_1+m_2+m_3} \\
\hline f_2=m_2 a & f_2=\frac{m_3 F}{m_1+m_2+m_3} \\
=\frac{\mathrm{m}_1 \mathrm{~g}-\mu\left(\mathrm{m}_2+\mathrm{m}_3\right) \mathrm{g}}{\left(\mathrm{m}_1+\mathrm{m}_2+\mathrm{m}_3\right)}=\frac{\mathrm{g}}{3}(1-2 \mu) \\
\left(\because \mathrm{m}_1=\mathrm{m}_2=\mathrm{m}_3=\mathrm{m} \text { given }\right)
\end{array}
$$",False
7121,5,17,22,. A particle of mass $m_1$ is moving with a velocity $v_1$ and another particle of mass $m_2$ is moving with a velocity $v_2$. Both of them have the same momentum but their different kinetic energies are $\mathrm{E}_1$ and $\mathrm{E}_2$ respectively. If $m_1>m_2$ then,$E_1=E_2$,$E_1<E_2$,$\frac{E_1}{E_2}=\frac{m_1}{m_2}$,$E_1>E_2$,2004-01-01,b,"22. (b) $E=\frac{p^2}{2 m}$
or, $E_1=\frac{p_1^2}{2 m_1}, E_2=\frac{p_2^2}{2 m_2}$
or, $m_1=\frac{p_1^2}{2 E_1}, m_2=\frac{p_2^2}{2 E_2}$
$m_1>m_2 \Rightarrow \frac{m_1}{m_2}>1$
$\therefore \frac{p_1^2 E_2}{E_1 P_2^2}>1 \Rightarrow \frac{E_2}{E_1}>1 \quad\left[\because p_1=p_2\right]$
or, $E_2>E_1$
$\frac{3}{3}$
Kinetic energy of body of mass $m$ moving with velocity $v$ is
$$
\begin{aligned}
\text { K.E. } & =\frac{1}{2} m v^2 \\
\Rightarrow \text { K.E. } & =\frac{1}{2} \frac{m v^2 \times m}{m}
\end{aligned}
$$
[Multiplying both numerator and denominator by $m$ ]
$$
\begin{aligned}
& \Rightarrow \text { K.E. }=\frac{1}{2} \frac{m^2 v^2}{m} \\
& \Rightarrow \text { K.E. }=\frac{1}{2} \frac{p^2}{m} \quad[\because \text { Momentum, } P=m v] \\
& \Rightarrow P^2=2 m \text { K.E. } \\
& \Rightarrow P=\sqrt{2 m K . E .}
\end{aligned}
$$",False
7158,5,19,59,"An explosion blows a rock into three parts. Two parts go off at right angles to each other. These two are, $1 \mathrm{~kg}$ first part moving with a velocity of $12 \mathrm{~ms}^{-1}$ and $2 \mathrm{~kg}$ second part moving with a velocity of $8 \mathrm{~ms}^{-1}$. If the third part flies off with a velocity of $4 \mathrm{~ms}^{-1}$, its mass would be:",$7 \mathrm{~kg}$,$17 \mathrm{~kg}$,$3 \mathrm{~kg}$,$5 \mathrm{~kg}$,2009-01-01,d,"59. (d) Momentum of first part
$\Rightarrow 1 \times 12=12$
Momentum of second part
$\Rightarrow 2 \times 8=16$
Resultant momentum,
$$
=\sqrt{(12)^2+(16)^2}=20
$$
Then $\mathrm{M}_1$ be the mass of third part,
$$
\begin{aligned}
& M \cdot 4=20 \\
& M=\frac{20}{4}=5 \mathrm{~kg}
\end{aligned}
$$
Let two parts of the rock move along $x$-axis and $y$ axis respectively.
If $\mathrm{M}$ and $v$ be the mass and velocities of third part then
Mv $\cos \theta=12$
Mv $\sin \theta=16$
$\tan \theta=\frac{16}{12}=\frac{4}{3}$
$\cos \theta=\frac{3}{5}$
$v=4 \mathrm{~m} / \mathrm{s}$
$\mathrm{M}=\frac{12}{v \cos \theta}$
$\mathrm{M}=\frac{12 \times 5}{4 \times 3}=\frac{60}{12}=5 \mathrm{~kg}$",True
7178,6,20,7,"If the linear density (mass per unit length) of a rod of length $3 \mathrm{~m}$ is proportional to $x$, where $x$ is the distance from one end of the rod, the distance of the centre of gravity of the rod from this end is",$2.5 \mathrm{~m}$,$1 \mathrm{~m}$,$1.5 \mathrm{~m}$,$2 \mathrm{~m}$,2002-01-01,d,"(d) Consider an element of length $\mathrm{dx}$ at a distance $x$ from end $A$.
Here, mass per unit length $\lambda$ of rod
$$
\begin{aligned}
& \lambda \propto x \Rightarrow \lambda=k x \\
& \therefore d m=\lambda d x=k x d x
\end{aligned}
$$
Position of centre of gravity of rod from end $A$.
$$
x_{C G}=\frac{\int_0^L x d m}{\int_0^L d m}
$$
$$
\therefore x_{C G}=\frac{\int_0^3 x(k x d x)}{\int_0^3 k x d x}=\frac{\left[\frac{x^3}{3}\right]_0^3}{\left[\frac{x^2}{2}\right]_0^3}=\frac{\frac{(3)^3}{3}}{\frac{(3)^3}{2}}=2 m
$$",True
7190,6,22,19,Find the torque about the origin when a force of $3 \hat{\mathrm{j}} \mathrm{N}$ acts on a particle whose position vector is $2 \hat{\mathrm{k}} \mathrm{m}$.,$6 \hat{\mathrm{j}} \mathrm{Nm}$,$-6 \hat{\mathrm{i}} \mathrm{Nm}$,$6 \hat{\mathrm{k}} \mathrm{Nm}$,$6 \hat{\mathrm{i}} \mathrm{Nm}$,2020-01-01,b,"(b) Given :
Force, $\vec{F}=3 \hat{j} \mathrm{~N}$
Position vector, $\vec{r}=2 \hat{k} \mathrm{~m}$
Torque, $\vec{\tau}=\vec{r} \times \vec{F}=2 \hat{k} \times 3 \hat{j}=6(\hat{k} \times \hat{j})=6(-\hat{i})$ $\Rightarrow \vec{\tau}=-6 \hat{i} \mathrm{Nm}$",False
7290,7,28,27,Dependence of intensity of gravitational field (E) of earth with distance $(r)$ from centre of earth is correctly represented by:,IMG,IMG,IMG,IMG,2014-01-01,b,"(b) First when $(r<R) \mathrm{E} \propto r$ and then when $r \geq$ Gravitation
99
$\mathrm{R} E \propto \frac{1}{\mathrm{r}^2}$. Hence graph (b) correctly dipicts.
离
The field strength of uniform solid sphere within it decreases linearly with ' $r$ ' and becomes zero as we reach at the centre of the sphere.",True
7292,7,28,29,"Infinite number of bodies, each of mass $2 \mathrm{~kg}$ are situated on $x$-axis at distances $1 \mathrm{~m}, 2 \mathrm{~m}, 4 \mathrm{~m}$, $8 \mathrm{~m}, \ldots . .$. respectively, from the origin. The resulting gravitational potential due to this system at the origin will be",$-\frac{8}{3} \mathrm{G}$,$-\frac{4}{3} \mathrm{G}$,$-4 \mathrm{G}$, $-\mathrm{G}$,2013-01-01,c,"Gravitational potential $V=\frac{-\mathrm{Gm}}{\mathrm{r}}$
$$
\begin{aligned}
& V_0=-\frac{G \times 2}{1}-\frac{G \times 2}{2}-\frac{G \times 2}{4}-\frac{G \times 2}{8}--\infty \\
& V_0=-2 G\left1+\frac{1}{2}+\frac{1}{4}+\frac{1}{8}+\ldots \infty\right \\
& V_0=-2 G \times \frac{1}{\left(1-\frac{1}{2}\right)}=-2 G \times \frac{1}{\frac{1}{2}}=-4 G .
\end{aligned}
$$",False
7725,16,58,33," A series combination of $n_1$ capacitors, each of value $C_1$, is charged by a source of potential difference $4 \mathrm{~V}$. When another parallel combination of $n_2$ capacitors, each of value $C_2$, is charged by a source of potential difference $V$, it has the same (total) energy stored in it, as the first combination has. The value of $C_2$, in terms of $C_1$, is then", $\frac{2 C_1}{n_1 n_2}$,$16 \frac{n_2}{n_1} C_1$,$2 \frac{n_2}{n_1} C_1$,$\frac{16 C_1}{n_1 n_2}$,2010-01-01,d,"In series, $\mathrm{C}_{\mathrm{eff}}=\frac{C_1}{n_1}$
$\therefore \quad$ Energy stored,
$E_S=\frac{1}{2} C_{e f f} V_S^2=\frac{1}{2} \frac{C_1}{n_1} 16 V^2$
$=8 V^2 \frac{C_1}{n_1}$
In parallel, $\mathrm{C}_{\mathrm{eff}}=\mathrm{n}_2 \mathrm{C}_2$
$\therefore \quad$ Energy stored, $\mathrm{E}_{\mathrm{p}}=\frac{1}{2} \mathrm{n}_2 \mathrm{C}_2 \mathrm{~V}^2$
According to question $\mathrm{E}_{\mathrm{s}}=\mathrm{E}_{\mathrm{p}}$
$\therefore \quad \frac{8 V^2 C_1}{n_1}=\frac{1}{2} n_2 C_2 V^2$
$\Rightarrow C_2=\frac{16 C_1}{n_1 n_2}$",False
7748,17,59,7, Across a metallic conductor of non-uniform cross section a constant potential difference is applied. The quantity which remains constant along the conductor is :,(a) current,(b) drift velocity,(c) electric field,(d) current density,2015-01-01,a,"Here, metallic conductor can be considered as the combination of various conductors connected in series. And in series combination current remains same.![](https://cdn.mathpix.com/cropped/2023_09_25_e1fa578c1ff6396d9581g-217.jpg?height=225&width=353&top_left_y=863&top_left_x=455)",True
7801,17,61,60,"The potential difference between the terminals of a cell in an open circuit is $2.2 \mathrm{~V}$. When a resistor of $5 \Omega$ is connected across the terminals of the cell, the potential difference between the terminals of the cell is found to be $1.8 \mathrm{~V}$. The internal resistance of the cell is",(a) $\frac{7}{12} \Omega$,(b) $\frac{10}{9} \Omega$,(c) $\frac{9}{10} \Omega$,(d) $\frac{12}{7} \Omega$,2002-01-01,b," $E=V+i r$

$2.2=1.8+\frac{1.8}{5} \times r$

$\Rightarrow \quad r=\frac{10}{9} \Omega$
",False
7897,18,65,41,"A current loop consists of two identical semicircular parts each of radius $R$, one lying in the $x-y$ plane and the other in $x=z$ plane. If the current in the loop is $i$., the resultant magnetic field due to the two semicircular parts at their common centre is",$\frac{\mu_0 i}{\sqrt{2} R}$,$\frac{\mu_0 i}{2 \sqrt{2} R}$,$\frac{\mu_0 i}{2 R}$,$\frac{\mu_0 i}{4 R}$,2010-01-01,b,"Magnetic fields due to the two parts at their common centre are respectively,
$$
B_y=\frac{\mu_0 i}{4 R} \text { and } B_z=\frac{\mu_0 i}{4 R}
$$",True
7971,19,70,27,"When a horizontal field of 18 microtesla is produced opposite to the earth's field by placing a current carrying wire, the new time period of magnet will be",$1 \mathrm{~s}$,$2 \mathrm{~s}$,$3 s$,$4 \mathrm{~s}$,2010-01-01,d,"(d) Time period of a vibration magnetometer,
$T \propto \frac{1}{\sqrt{B}} \Rightarrow \frac{T_1}{T_2}=\sqrt{\frac{B_2}{B_1}}$
$\Rightarrow T_2=T_1 \sqrt{\frac{B_1}{B_2}}=2 \sqrt{\frac{24 \times 10^{-6}}{6 \times 10^{-6}}}=4 \mathrm{~s}$",False
8033,21,74,21,"A coil has resistance $30 \mathrm{ohm}$ and inductive reactance $20 \mathrm{ohm}$ at $50 \mathrm{~Hz}$ frequency. If an ac source, of 200 volt, $100 \mathrm{~Hz}$, is connected across the coil, the current in the coil will be",$4.0 \mathrm{~A}$,$8.0 \mathrm{~A}$,$\frac{20}{\sqrt{13}} \mathrm{~A}$,$2.0 \mathrm{~A}$,2011-01-01,a," If $\omega=50 \times 2 \pi$ then $\omega \mathrm{L}=20 \Omega$
If $\omega^{\prime}=100 \times 2 \pi$ then $\omega^{\prime} \mathrm{L}=40 \Omega$
Current flowing in the coil is
$I=\frac{200}{Z}=\frac{200}{\sqrt{\mathrm{R}^2+\left(\omega^{\prime} \mathrm{L}\right)^2}}=\frac{200}{\sqrt{(30)^2+(40)^2}}$
$\mathrm{I}=4 \mathrm{~A}$.",False
8185,24,84,19,If yellow light emitted by sodium lamp in Young's double slit experiment is replaced by a monochromatic blue light of the same intensity,fringe width will decrease,finge width will increase,fringe width will remain unchanged,fringes will become less intense,1992-01-01,a,"19. (a) As $\beta=\frac{\lambda D}{d}$ and $\lambda_b<\lambda_y$, Fringe width $\beta$ will decrease",False
8249,25,87,44,Monochromatic light of wavelength $667 \mathrm{~nm}$ is produced by a helium neon laser. The power emitted is $9 \mathrm{~mW}$. The number of photons arriving per sec on the average at a target irradiated by this beam is:,(a) $3 \times 10^{16}$,(b) $9 \times 10^{15}$,(c) $3 \times 10^{19}$,(d) $9 \times 10^{17}$,2009-01-01,a,"(a) $\lambda=667 \times 10^{-9} \mathrm{~m}, \mathrm{P}=9 \times 10^{-3} \mathrm{~W}$

$\mathrm{P}=\frac{\mathrm{Nhc}}{\lambda}, \mathrm{N}=$ No. of photons emitted $/ \mathrm{sec}$.

$$
\begin{aligned}
& \mathrm{N}=\frac{9 \times 10^{-3} \times 667 \times 10^{-9}}{6.6 \times 10^{-34} \times 3 \times 10^{8}} \\
& =\frac{9 \times 6.67 \times 10^{-10}}{3 \times 6.6 \times 10^{-26}} \simeq 3 \times 10^{16} / \mathrm{sec}
\end{aligned}
$$",False
8403,27,92,70," Two radioactive nuclei $P$ and $Q$, in a given sample decay into a stable nucleus $R$. At time $t=0$, number of $\mathrm{P}$ species are $4 \mathrm{~N}_{0}$ and that of $\mathrm{Q}$ are $\mathrm{N}_{0}$. Half-life of $\mathrm{P}$ (for conversion to $\mathrm{R}$ ) is 1 minute where as that of $Q$ is 2 minutes. Initially there are no nuclei of $\mathrm{R}$ present in the sample. When number of nuclei of $\mathrm{P}$ and $\mathrm{Q}$ are equal, the number of nuclei of $\mathrm{R}$ present in the sample would be",(a) $3 \mathrm{~N}_{0}$,(b) $\frac{9 \mathrm{~N}_{0}}{2}$,(c) $\frac{5 \mathrm{~N}_{0}}{2}$,(d) $2 \mathrm{~N}_{0}$,2011-01-01,b,"
$$
\mathrm{Q} \rightarrow \mathrm{N}_{0}
$$

Halflife $\mathrm{T}_{\mathrm{P}}=1 \mathrm{~min}$.

$\mathrm{T}_{\mathrm{Q}}=2$ min.

Let after time $t$ number of nuclei of $P$ and $Q$ are equal, that is

$$
Initially $\mathrm{P} \rightarrow 4 \mathrm{~N}_{0}$\begin{aligned}
& \frac{4 \mathrm{~N}_{0}}{2^{\mathrm{t} / 1}}=\frac{\mathrm{N}_{0}}{2^{\mathrm{t} / 2}} \\
& \Rightarrow \frac{4 \mathrm{~N}}{2^{\mathrm{t} / 1}}=\frac{1}{2^{\mathrm{t} / 2}} \\
& \Rightarrow 2^{\mathrm{t} / 1}=4 \cdot 2^{\mathrm{t} / 2} \\
& 2^{2} \cdot 2^{\mathrm{t} / 2}=2^{(2+\mathrm{t} / 2)}
\end{aligned}
$$

$\Rightarrow \frac{\mathrm{t}}{1}=2+\frac{\mathrm{t}}{2} \Rightarrow \frac{\mathrm{t}}{2}=2$

$\Rightarrow \mathrm{t}=4 \mathrm{~min}$

$\mathrm{N}_{\mathrm{P}}=\frac{\left(4 \mathrm{~N}_{0}\right)}{2^{4 / 1}}=\frac{\mathrm{N}_{0}}{4}$

at $\mathrm{t}=4 \mathrm{~min}$.

$\mathrm{N}_{0}=\frac{\mathrm{N}_{0}}{4}=\frac{\mathrm{N}_{0}}{4}$

or population of $\mathrm{R}$

$$
\begin{aligned}
& \left(4 \mathrm{~N}_{0}-\frac{\mathrm{N}_{0}}{4}\right)+\left(\mathrm{N}_{0}-\frac{\mathrm{N}_{0}}{4}\right) \\
& =\frac{9 \mathrm{~N}_{0}}{2}
\end{aligned}
$$
",False
8544,28,95,109,"The following circuit represents
",OR,XOR,AND,NAND,1999-01-01,b,"Output of upper AND gate $=A \overline{A B}$
Output of lower AND gate $=\bar{A} \cdot B$
$\therefore$ Output of OR gate, $Y=A \cdot \bar{B}+B \cdot \bar{A}$
This is Boolean expression for XOR gate.",True
8692,31,104,25,Identify the correct order of the size of the following:,$\mathrm{Ca}^{2+}<\mathrm{K}^{+}<\mathrm{Ar}<\mathrm{Cl}^{-}<\mathrm{S}^{2-}$,$\mathrm{Ar}<\mathrm{Ca}^{2+}<\mathrm{K}^{+}<\mathrm{Cl}^{-}<\mathrm{S}^{2-}$,$\mathrm{Ca}^{2+}<\mathrm{Ar}<\mathrm{K}^{+}<\mathrm{Cl}^{-}<\mathrm{S}^{2-}$,$\mathrm{Ca}^{2+}<\mathrm{K}^{+}<\mathrm{Ar}<\mathrm{S}^{2-}<\mathrm{Cl}^{-}$,2007-01-01,a,"For isoelectronic species, size of anion increases as negative charge increases whereas size of cation decreases with increase in positive charge. Further ionic radii of anions is more than that of cations. Thus the correct order is $\mathrm{Ca}^{2+}<\mathrm{K}^{+}<\mathrm{Ar}<\mathrm{Cl}^{-}<\mathrm{S} 2-$",False
8721,32,105,8,Which of the following pairs will form the most stable ionic bond?,$\mathrm{Na}$ and $\mathrm{Cl}$,$\mathrm{Mg}$ and $\mathrm{F}$,Li and F,$\mathrm{Na}$ and $\mathrm{F}$,1994-01-01,b,The stability of the ionic bond depends upon the lattice energy which is expected to be more between $\mathrm{Mg}$ and $\mathrm{F}$ due to +2 charge on $\mathrm{Mg}$ atom.,False
8757,32,108,44,Maximum bond angle at nitrogen is present in which of the following?,$\mathrm{NO}_{2}^{-}$, $\mathrm{NO}_{2}^{+}$,$\mathrm{NO}_{3}^{-}$,$\mathrm{NO}_{2}$,2015-01-01,b,$\mathrm{NO}_{2}{ }^{+}$has $s p$ hybridisation so it is linear with bond angle $=180^{\circ}$.,False
8830,32,109,117,. Among the following the pair in which the two species are not isostructural is,(a) $\mathrm{SiF}_{4}$ and $\mathrm{SF}_{4}$,(b) $\mathrm{IO}_{3}^{-}$and $\mathrm{XeO}_{3}$,(c) $\mathrm{BH}_{4}^{-}$and $\mathrm{NH}_{4}^{+}$,(d) $\mathrm{PF}_{6}^{-}$and $\mathrm{SF}_{6}$,2004-01-01,a,(a) $\mathrm{SiF}_{4}$ has symmetrical tetrahedral shape which is due to $s p^{3}$ hybridisation of silicon atom in its excited state while $\mathrm{SF}_{4}$ has distorted tetrahedral or sea-saw geometry which arises due to $s p^{3} d$ hybridisation of sulphur atom and one lone pair of $e^{-} s$ in one of the equatorial hybrid orbital.,False
8858,33,110,16,"At constant temperature, for a given mass of an ideal gas",(a) The ratio of pressure and volume always remains constant.,(b) Volume always remains constant.,(c) Pressure always remains constant.,(d) The product of pressure and volume always remains constant.,1991-01-01,d," According to Boyle's law at constant temperature, $P \propto \frac{1}{V}$ or $P V=$ constant",False
9088,36,125,13,"For the redox reaction    
$\mathrm{MnO}_4^{-}+\mathrm{C}_2 \mathrm{O}_4^{2-}+\mathrm{H}^{+} \rightarrow \mathrm{Mn}^{2+}+\mathrm{CO}_2+\mathrm{H}_2 \mathrm{O}$
The correct coefficients of the reactants for the balanced equation are    $\begin{array}{llll} & \mathrm{MnO}_4^{-} & \mathrm{C}_2 \mathrm{O}_4^{2-} & \mathrm{H}^{+}\\",\text {(a) } & 16 & 5 & 2 \\ ,\text { (b) } & 2 & 5 & 16 \\ ,\text { (c) } & 5 & 16 & 2 \\ ,\text { (d) } & 2 & 16 & 5\end{array}$,2018-01-01,b,"13. (b)
Multiplying (i) by 2 and (ii) by 5 to balance $\mathrm{e}^{-}$
$2 \mathrm{MnO}_4^{-}+5 \mathrm{C}_2 \mathrm{O}_4^{2-} \longrightarrow 2 \mathrm{Mn}^{2+}+10 \mathrm{CO}_2$
On balancing charge;
$$
\begin{aligned}
& 2 \mathrm{MnO}_4^{-}+5 \mathrm{C}_2 \mathrm{O}_4^{2-}+16 \mathrm{H}^{+} \longrightarrow \\
& 2 \mathrm{Mn}^{2+}+10 \mathrm{CO}_2+8 \mathrm{H}_2 \mathrm{O}
\end{aligned}
$$",False
9149,38,132,34,"The correct order of increasing thermal stability of $\mathrm{K}_2 \mathrm{CO}_3, \mathrm{MgCO}_3, \mathrm{CaCO}_3$ and $\mathrm{BeCO}_3$ is ",(a) $\mathrm{BeCO}_3<\mathrm{MgCO}_3<\mathrm{CaCO}_3<\mathrm{K}_2 \mathrm{CO}_3$,(b) $\mathrm{MgCO}_3<\mathrm{BeCO}_3<\mathrm{CaCO}_3<\mathrm{K}_2 \mathrm{CO}_3$,(c) $\mathrm{K}_2 \mathrm{CO}_3<\mathrm{MgCO}_3<\mathrm{CaCO}_3<\mathrm{BeCO}_3$,(d) $\mathrm{BeCO}_3<\mathrm{MgCO}_3<\mathrm{K}_2 \mathrm{CO}_3<\mathrm{CaCO}_3$,2007-01-01,a,"As the cation size increases down the group, the metal carbonates become more ionic in nature. Hence, the thermal stability increases as: $\mathrm{BeCO}_3<\mathrm{MgCO}_3<\mathrm{CaCO}_3$.
The ionic character of group 1 carbonates is more than that of group 2, thus they possess more thermal stability. Hence, the correct order of thermal stability: $\mathrm{BeCO}_3<\mathrm{MgCO}_3<\mathrm{CuCO}_3$ $<\mathrm{K}_2 \mathrm{CO}_3$.",False
9220,40,136,26,An $s p^{3}$ hybrid orbital contains,(a) 1/4s-character,(b) $1 / 2 s$-character,(c) 1/3s-character,(d) $2 / 3 s$-character.,1991-01-01,a, $s p^{3}$ orbital has $1 / 4(25 \%) s$-character \& $75 \%$ $p$-character.,False
9391,43,147,25,". $\mathrm{CsBr}$ crystallises in a body centered cubic lattice. The unit cell length is $436.6 \mathrm{pm}$. Given that the atomic mass of $\mathrm{Cs}=133$ and that of $\mathrm{Br}=80 \mathrm{amu}$ and Avogadro number being $6.02 \times 10^{23} \mathrm{~mol}^{-1}$, the density of $\mathrm{CsBr}$ is",(a) $0.425 \mathrm{~g} / \mathrm{cm}^3$,(b) $8.25 \mathrm{~g} / \mathrm{cm}^3$,(c) $4.25 \mathrm{~g} / \mathrm{cm}^3$,(d) $42.5 \mathrm{~g} / \mathrm{cm}^3$,2006-01-01,c,"
25. (c) In body centred cubic lattice one molecule of $\mathrm{CsBr}$ is within one unit cell.
Atomic mass of unit cell $=133+80=213$ a.m.u
Volume of cell $=\left(436.6 \times 10^{-10}\right)^3 \mathrm{~cm}^3$
$$
\begin{aligned}
\text { Density } & =\frac{Z \times \text { at.wt. }}{\text { Av.no. } \times \text { vol.of unit cell }} \\
\text { Density } & =\frac{1 \times 213}{6.02 \times 10^{23} \times(436.6)^3 \times 10^{-30}} \\
& =\frac{213 \times 10^7}{6.02 \times(436.6)^3}=4.25 \mathrm{~g} / \mathrm{cm}^3
\end{aligned}
$$
In the density formula, $\mathrm{Z}$ is number of particles present in a unit cell and $\mathrm{M}$ is molar mass of that particle. For any diatomic molecule like $\mathrm{CsBr}, \mathrm{Z}=$ 2 but for any mono atomic molecule like $\mathrm{Li}, \mathrm{Z}=1$ for bcc lattice.",True
9449,44,151,43, $200 \mathrm{~mL}$ of an aqueous solution of a protein contains its $1.26 \mathrm{~g}$. The osmotic pressure of this solution at $300 \mathrm{~K}$ is found to be $2.57 \times 10^{-3}$ bar. The molar mass of protein will be $\left(\mathrm{R}=0.083 \mathrm{Lbar} \mathrm{mol}^{-1} \mathrm{~K}^{-1}\right)$,(a) $51022 \mathrm{~g} \mathrm{~mol}^{-1}$,(b) $122044 \mathrm{~g} \mathrm{~mol}^{-1}$,(c) $31011 \mathrm{~g} \mathrm{~mol}^{-1}$,(d) $61038 \mathrm{~g} \mathrm{~mol}^{-1}$,2011-01-01,d,"$\pi=C R T$ (Osmotic pressure)

$\pi=\frac{\text { wt } \times 1000}{\text { Molecular mass } \times V} R T=2.57 \times 10^{-3}$

$=\frac{1.26 \times 1000}{\text { Mol.mass } \times 200} \times 0.083 \times 300$

Molecular mass $=\frac{1.26 \times 0.083 \times 300 \times 1000}{200 \times 2.57 \times 10^{-3}}$

$$
=61038 \mathrm{~g} \mathrm{~mol}^{-1}
$$
",False
9464,44,151,58,"If $0.1 \mathrm{M}$ solution of glucose and $0.1 \mathrm{M}$ solution of urea are placed on two sides of the semipermeable membrane to equal heights, then it will be correct to say th",(a) There will be no net movement across the membrane ,(b) Glucose will flow towards urea solution,(c) urea will flow towards glucose solution,(d) water will flow from urea solution to glucose,1992-01-01,a,58. (a) As both the solutions are isotonic hence there will be no net movement of the solvent through the semipermeable membrane between two solutions.,False
9524,45,154,58,"An electrochemical cell is set up as: $\mathrm{Pt} ; \mathrm{H}_{2}$ (1atm) $\left|\mathrm{HCl}(0.1 \mathrm{M}) \| \mathrm{CH}_{3} \mathrm{COOH}(0.1 \mathrm{M})\right| \mathrm{H}_{2}$ (1atm); Pt. The e.m.f of this cell will not be zero, because",(a) the temperature is constant,(b) e.m.f depends on molarities of acids used,(c) acids used in two compartments are different,(d) $\mathrm{pH}$ of $0.1 \mathrm{M} \mathrm{HCl}$ and $0.1 \mathrm{M} \mathrm{CH}_{3} \mathrm{COOH}$ is not same,1995-01-01,d,"For a concentration cell having different concentrations of ions.

$$
E=\frac{0.0591}{\mathrm{n}} \log \frac{\mathrm{C}_{1}}{\mathrm{C}_{2}}
$$

If all the concentrations are identical then obviously the cell voltage is zero. But as the $\mathrm{pH}$ of $0.1 \mathrm{M} \mathrm{HCl}$ (strong acid) \& $\mathrm{pH}$ of $0.1 \mathrm{M}$ $\mathrm{CH}_{3} \mathrm{COOH}$ (weak acid) is not same, therefore the cell voltage will not be zero.
",False
9578,46,158,47,". For a reaction, activation energy $E_a=0$ and the rate constant at $200 \mathrm{~K}$ is $1.6 \times 10^6 \mathrm{~s}^{-1}$. The rate constant at $400 \mathrm{~K}$ will be [Given that gas constant, $\mathrm{R}=8.314 \mathrm{~J} \mathrm{~K}^{-1} \mathrm{~mol}^{-1}$ ]",(a) $3.2 \times 10^6 \mathrm{~s}^{-1}$,(b) $3.2 \times 10^4 \mathrm{~s}^{-1}$,(c) $1.6 \times 10^6 \mathrm{~s}^{-1}$,(d) $1.6 \times 10^3 \mathrm{~s}^{-1}$,2019-01-01,c,". (c) From Arrhenius equation
$$
\log \frac{k_{400}}{k_{200}}=\frac{E_a}{2.303 \mathrm{R}}\left[\frac{T_2-T_1}{T_1 T_2}\right]
$$
Since, given that $E_a=0$
$$
\begin{aligned}
& \therefore \quad \log \frac{k_{400}}{k_{200}}=0 \\
& \Rightarrow \frac{k_{400}}{k_{200}}=1 \\
& \text { So, } k_{400}=k_{200}
\end{aligned}
$$
So, $k_{400}=k_{200}$
So rate constant at $400, k=1.6 \times 10^6 \mathrm{~s}^{-1}$",False
9663,49,165,29,. Pure nitrogen is prepared in the laboratory by heating a mixture of,(a) $\mathrm{NH}_4 \mathrm{OH}+\mathrm{NaCl}$,(b) $\mathrm{NH}_4 \mathrm{NO}_3+\mathrm{NaCl}$,(c) $\mathrm{NH}_4 \mathrm{Cl}+\mathrm{NaOH}$,(d) $\mathrm{NH}_4 \mathrm{Cl}+\mathrm{NaNO}_2$.,1991-01-01,d,". (d) Pure nitrogen in the lab can be obtained by heating ammonium nitrate. Ammonium nitrate is not a stable compound it dissociate to give nitrogen.
$$
\begin{aligned}
\mathrm{NH}_4 \mathrm{Cl}+\mathrm{NaNO}_2 \stackrel{\text { Heat }}{\longrightarrow} \mathrm{NH}_4 \mathrm{NO}_2 \\
\stackrel{\text { Heat }}{\longrightarrow} \mathrm{N}_2+2 \mathrm{H}_2 \mathrm{O} .
\end{aligned}
$$",True
9736,50,169,6,Which is the correct order of increasing energy of the listed orbitals in the atom of titanium?,(a) $3 s 4 s 3 p 3 d$,(b) $4 s 3 s 3 p 3 d$,(c) $3 s 3 p 3 d 4 s$,(d) $3 s 3 p 4 s 3 d$,2015-01-01,d,"d) $(n+l)$ rule can be used. Titanium is a multi electron system

If $(n+l)$ values are same, then value of "" $n$ "" has to be considered. The orbital with lower $n$ value is filled first.",True
9847,51,172,33,"Among the following, the compound that is both paramagnetic and coloured, is",$\mathrm{KMnO}_4$, $\mathrm{CuF}_2$,$\mathrm{K}_4\left[\mathrm{Fe}(\mathrm{CN})_6\right]$,$\mathrm{K}_2 \mathrm{Cr}_2 \mathrm{O}_7$,1996-01-01,b,$\mathrm{CuF}_2$ is both paramagnetic and coloured due to unpaired electron in $d$-orbital $\left(3 d^9 4 s^0\right)$.,False
9925,52,175,24,"An organic compound $A\left(\mathrm{C}_4 \mathrm{H}_9 \mathrm{Cl}\right)$ on reaction with $\mathrm{Na}$ /diethyl ether gives a hydrocarbon which on monochlorination gives only one chloro derivative, then $A$ is",tert-butyl chloride,sec-butyl chloride,isobutyl chloride,n-butyl chloride,2001-01-01,a,"<smiles>CC(C)(C)[Cl+][14C](C)(C)C</smiles>
t-Butyl chloride
突|京
<smiles>CC(C)(C)C(C)(C)CC(Cl)(Cl)C(C)(Cl)C(C)(C)C(C)(C)C</smiles>",True
9953,52,177,52,"Trichloroacetaldehyde, $\mathrm{CCl}_3 \mathrm{CHO}$ reacts with chlorobenzene in presence of sulphuric acid and produces:",IMG,IMG,IMG,IMG,2009-01-01,c,NaN,True
10058,54,182,40,"When $m$-chlorobenzaldehyde is treated with $50 \%$ $\mathrm{KOH}$ solution, the product(s) obtained is (are)",<smiles>Oc1cccc(C(O)C(O)c2cccc(O)c2)c1</smiles>,"<smiles>O=C([O-])c1cccc(O)c1</smiles>
<smiles>OCc1cccc(O)c1</smiles>",<smiles>O=C([O-])c1cccc(CO)c1</smiles>,"<smiles>OC(O)c1cccc(Cl)c1</smiles>
<smiles>OC(O)c1cccc(Cl)c1</smiles>
<smiles>OC(O)c1cccc(Cl)c1</smiles>",2003-01-01,c,"40. (c) It is a simple Cannizzaro reaction.
<smiles>O=Cc1cccc(Cl)c1</smiles>
<smiles>O=C([O-])c1cccc(Cl)c1</smiles>
<smiles>OCc1cccc(Cl)c1</smiles>",True
10113,54,183,95,"In which of the following, the number of carbon atoms does not remain same when carboxylic acid is obtained by oxidation",$\mathrm{CH}_3 \mathrm{COCH}_3$,$\mathrm{CCl}_3 \mathrm{CH}_2 \mathrm{CHO}$,$\mathrm{CH}_3 \mathrm{CH}_2 \mathrm{CH}_2 \mathrm{OH}$,$\mathrm{CH}_3 \mathrm{CH}_2 \mathrm{CHO}$.,1992-01-01,a,"95. (a) Ketones on oxidation give carboxylic acids with lesser number of carbon atoms, i.e.,
$$
\mathrm{CH}_3 \mathrm{COCH}_3 \stackrel{[\mathrm{O}]}{\longrightarrow} \mathrm{CH}_3 \mathrm{COOH}+\mathrm{CO}_2+\mathrm{H}_2 \mathrm{O}
$$",True
10230,56,190,60,Deficiency of vitamin $\mathrm{B}_{1}$ causes the disease,Convulsions,Beri-Beri,Cheilosis, Sterility,2012-01-01,b, Beri-Beri. ,False
10232,56,190,62,Which one of the following is an amine hormone?,Thyroxine,Oxypurin ,Insulin,Progesterone,2008-01-01,a,Thyroxine is an amino hormone.,False
10447,61,202,102,In fungi stored food material is,glycogen,starch,sucrose,glucose,2000-01-01,a,"Glycogen is a glucosan homopolysaccharide which is the major reserve food of animals, fungi and some bacteria. Starch is also glucosan homopolysaccharide and is the major reserve food of plants. Sucrose is formed of one molecule of glucose and one molecule of fructose.",False
10572,62,208,86,"Read the following five statements (A to $\mathrm{E}$ ) and select the option with all correct statements :

(A) Mosses and Lichens are the first organisms to colonise a bare rock.
(B) Selaginella is a homosporous pteridophyte
(C) Coralloid roots in Cycas have VAM
(D) Main plant body in bryophytes is gametophytic, whereas in pteridophytes it is sporophytic
(E) In gymnosperms, male and female gametophytes are present within sporangia located on sporophyte","(a) (B), (C) and (D)","(b) (a), (D) and (E)","(c) (B), (C) and (E)"," (d) (a), (C) and (D)",2015-01-01,b,"Selaginella is a heterosporus pteridophyte containing micro \& megaspores. In Cycas, corolloid root has the cyanobacteria - Anabaena.",False
10618,62,209,132,Pinus differs from mango in having,(a) tree habit,(b) green leaves,(c) ovules not enclosed in ovary,(d) wood,1993-01-01,c,"Pinus is a member of gymnosperm in which ovules are not enclosed in the ovary i.e. naked seed, whereas mango is a typical
angiosperm whose ovules are enclosed in ovary i.e., presence of fruit.",False
10840,64,219,57," The wheat grain has an embryo with one, large, shield-shaped cotyledon known as:", Coleorrhiza,Scutellum,Coleoptile,Epiblast,2015-01-01,b," Scutellum is large, shield shaped cotyledon that helps in the absorption of nutrients from endosperm during germination.",False
10934,65,222,45,What happens during vascularization in plants?,(a) Differentiation of procambium is immediately followed by the development of secondary xylem and phloem,(b) Differentiation of procambium followed by the development of xylem and phloem,"(c) Differentiation of procambium, xylem and phloem is simultaneous",(d) Differentiation of procambium followed by the development of primary phloem and then by primary xylem,2000-01-01,b,"Vascularization of plant means the development of vascular bundle in the plant, which develops from the cambium",False
10973,65,224,84,Heartwood differs from sapwood in:,(a) presence of rays and fibres,(b) absence of vessels and parenchyma,(c) having dead and non-conducting elements,(d) being susceptible to pests and pathogens,2010-01-01,c," Heartwood differs from sapwood in having dead and non-conducting elements. In old trees, the inner region that comprises dead elements with highly lignified walls is called heartwood.Heartwood does not conduct water but gives mechanical support to the stem. On the other hand, the peripheral region, which is lighter in colour is called sapwood. It is involved in the conduction of water and minerals from root to leaf.",False
11054,67,230,9,Resolution power is the ability to,distinguish two close points,distinguish two close objects,distinguish amongst organelles,magnify image,1991-01-01,b,The ability to distinguish two close objects is called power of resolution.,False
11105,67,321,60,Which one of the following has its own DNA?,mitochondria, Dictyosome,Lysosome,Peroxisome,2010-01-01,a,"Mitochondria has its own DNA. It is a structure within cytoplasm of eukaryotic cells that carries out aerobic respiration. It is the site of Kreb's cycle and ETS.Therefore, it is also called as cell's energy production site",False
11154,67,321,109,Ribosomes were discovered by,Golgi,Porter,De Robertis,Palade,1991-01-01,d,Ribosomes were discovered by Robinson and Brown in plant cell and Palade in animal cell.,False
11168,68,233,4,"Enzymes, vitamins and hormones can be classified into a single category of biological chemicals, because all of these?",(a) help in regulating metabolism,(b) are exclusively synthesized in the body of a living organism as at present,(c) are conjugated proteins,(d) enhance oxidative metabolism,2005-01-01,a,4. (a) The major life processes are controlled by enzymes as they enhance the rate of biological reactions.Vitamins are required in limited amounts by organisms for regulation of metabolism and growth.Hormones are organic compounds produced by certain organs in small quantities. They act physiologically far from their site of origin.,False
11382,71,247,12,Which one of the following is essential for photolysis of water?,Manganese,Zinc,Copper,Boron,2011-01-01,a,"Photolysis is catalysed by the proteinbound inorganic complex containing manganese ions (oxygen evolving complex) of photosystem II.Photolysis is the process by which water is split into oxygen, which is released into the atmosphere, and hydrogen. The hydrogen then becomes bonded to the coenzyme NADP to form NADPH and is transferred to the Calvin Cycle along with ATP.",False
11393,71,247,23,Which one of the following is not an essential element for plants?,Potassium,Iron,Iodine,Zinc,1996-01-01,c,"Iodine is the only such element which is an essential mineral for animals but is not required by plants.The natural iodine content in soil is low. While iodine is not an essential nutrient for plant growth, fertilizing with iodine derivatives has been shown to aid in biomass production and increase the antioxidant levels in plants which provide drought and stress resistance.",False
11465,72,251,41, Cytochrome is,(a) Metallo - Flavo protein,(b) Fe-containing porphyrin pigment,(c) Glycoprotein,(d) Lipid,2001-01-01,b, Cytochrome is an iron containing porphyrin pigment. These are electron transferring proteins often regarded as enzymes,False
11569,73,255,49,Krebs cycle occurs in,mitochondria,cytoplasm,chloroplasts,ribosomes,1996-01-01,a,"(a) Krebs cycle is the sequence of reactions by which most living cells generate energy during the process of aerobic respiration. It takes place in the mitochondria, using up oxygen and producing carbon dioxide and water as waste products, and ADP is converted to energy-rich ATP.",False
12295,83,283,107,The fleshy receptacle of syconus of fig encloses a number of:,Achenes,Samaras ,Berries,Mericarps,2008-01-01,a,(a) The fleshy receptacle of syconus of fig encloses a number of Achenes. Achene is the thin dry pericarp is free from seed except at one point. The fruit develops from a monocarpellary pistil having superior unilocular and ovuled ovary.,False
12520,86,291,84,Radioactive thymidine when added to the medium surrounding living mammalian cells gets incorporated into the newly synthesized DNA. Which of the following types of chromatin is expected to become radioactive if cells are exposed to radioactive thymidine as soon as they enter the S-phase?,(a) Heterochromatin,(b) Euchromatin,(c) Both heterochromatin and euchromatin,(d) Neither heterochromatin nor euchromatin but only the nucleolus,1999-01-01,b,"84. (b) Heterochromatin is a specialised chromosome material which remains tightly coiled and stains darkly in interphase. Euchromatin is that portion of the chromosome that stains with low intensity and uncoils during interphase. In the beginning of S-sphase, DNA replication occurs. DNA replication can occur in diffuse/ less tightly coiled euchromatin.",False
12636,86,293,200,Genes located on Y-chromosome are,(a) mutant genes,(b) sex-linked genes,(c) autosomal genes,(d) holandric genes,1994-01-01,d,200. (d) Holandric genes are present on the differential region of the $\mathrm{Y}$ chromosome. The differential regions carry completely sex linked genes and they do not undergo crossing over.,False
13304,92,310,60,"The figure below shows three steps (A, B, C) of Polymerase Chain Reaction (PCR). Select the option giving correct identification together with what it represents?",B - Denaturation at a temperature of about $98^{\circ} \mathrm{C}$ separating the two DNA strands., A - Denaturation at a temperature of about $50^{\circ} \mathrm{C}$.,$\mathrm{C}$ - Extension in the presence of heat stable DNA polymerase.,A - Annealing with two sets of primers.,2012-01-01,c,"PCR is a technique for enzymatically replicating DNA without using a living organism such as $E$. coli or yeast.The correct steps shown in the above figure are: A - Denaturation at a temperature of about $94^{\circ}$ to $98^{\circ} \mathrm{C}$. During the denaturation, the double stranded DNA open to single stranded DNA, and all enzymatic reactions stop.
B - Annealing (binding of DNA primer to the separated strands. Occurs at $50^{\circ}$ to $65^{\circ} \mathrm{C}$, which is lower than the optimal temperature of the DNA polymerases)
$\mathrm{C}$ - Extension or elongation of the strands using the DNA primer with heat-stable DNA polymerases, most frequently Taq (Thermus aquaticus) at $72^{\circ} \mathrm{C}$.
PCR is commonly used in medical and biological research labs for a variety of tasks like detection of hereditary diseases, identification of genetic fingerprints etc.",True
13365,94,313,5,Benthic organisms are affected most by,(a) Water-holding capacity of soil,(b) Light reaching the forest floor,(c) Surface turbulence of water,(d) Sediment characteristics of aquatic ecosystems,2013-01-01,d,"(d) The sediment characteristics often determine the type of benthic animals that can thrive there. The benthic zone is one of the ecological regions of a body of water. It comprises the bottomsuch as the ocean floor or the bottom of a lakethe sediment surface, and some sub-surface layers. Organisms living in this zone-that is, on or in the bottom of the body of water-are called benthos.",False
13457,95,315,6,The mass of living material at a trophic level at a particular time is called :,(a) Standing state,(b) Net primary productivity,(c) Standing crop,(d) Gross primary productivity,2015-01-01,c,(c) Standing crop is the amount of living biomass in an ecosystem. It indicates the productivity and luxuriance of growth. It is expressed in the form of number or biomass of organisms per unit area.,False
13519,95,316,68,The pyramid which cannot be inverted in a stable ecosystem is that of,(a) Biomass,(b) Number,(c) Energy,(d) All the above,1995-01-01,c,"(c) Energy pyramid cannot be inverted because energy always flows in one direction only. According to $10 \%$ law of energy transfer given by Lindemann (1972), during transfer of energy from one trophic level to other there is always loss of energy in respiration and other activities. Only $10 \%$ of energy is transfered to net trophic level. So the amount of energy flow decreases with successive trophic levels.",False
13632,97,320,14,Which of the following is a secondary pollutant?,(a) $\mathrm{CO}$,(b) $\mathrm{CO}_2$,(c) PAN,(d) Aerosol,1999-01-01,c, Primary pollutant is that which persists in the form in which it is released in the environment eg. CO. A secondary pollutant is one which is formed from another pollutant due to change or reaction. e.g. PAN (Peroxy acytyl nitrate).,False
13709,97,323,91,The UN Conference of Parties on climate change in the year 2011 was held in :,(a) South Africa,(b) Peru,(c) Qatar,(d) Poland,2015-01-01,a,"The UN Conference of Parties on climate change in 2011, was held in Durban, South Africa. It aimed at decrease of pollutant emission.",False
13739,97,323,121,Green house effect is warming due to,(a) Infra-red rays reaching earth,(b) Moisture layer in atmosphere,(c) Increase in temperature due to increase in carbon dioxide concentration of atmosphere,(d) Ozone layer of atmosphere,1991-01-01,c,Increase in the concentration of $\mathrm{CO}_2$ do not allow the earth's radiations to go out of earth's atmosphere and contributes in increasing temperature of earth.,False
